id,name,surname,email,session_id,chairNumber,zone,eventId
26,Marinna,Ather,mather0@archive.org,21,1,9,2
27,Zora,Kitchen,zkitchen1@buzzfeed.com,22,2,11,2
28,Nara,Howard,nhoward2@reverbnation.com,23,3,17,2
29,Mikaela,Gurdon,mgurdon3@posterous.com,24,4,5,2
30,Basil,Riding,briding4@google.com,25,5,17,2
31,Yelena,Pullman,ypullman5@over-blog.com,24,6,18,2
32,Mada,Kilday,mkilday6@wordpress.org,25,7,14,2
33,Shirleen,Burgwin,sburgwin7@ask.com,21,8,18,2
34,Olivia,Twede,otwede8@techcrunch.com,22,9,16,2
35,Brier,Quincey,bquincey9@ask.com,23,10,9,2
36,Adriaens,Mc Coughan,amccoughana@fastcompany.com,21,11,13,2
37,Mireielle,Roja,mrojab@usa.gov,22,12,5,2
38,Shantee,Giorgioni,sgiorgionic@t-online.de,25,13,16,2
39,Francoise,Chasmar,fchasmard@whitehouse.gov,24,14,18,2
40,Ansley,Tropman,atropmane@businessweek.com,24,15,15,2
41,Crista,Noller,cnollerf@amazonaws.com,22,16,19,2
42,Jodi,Badrock,jbadrockg@csmonitor.com,22,17,5,2
43,Antons,Twist,atwisth@devhub.com,22,18,10,2
44,Vance,Birden,vbirdeni@odnoklassniki.ru,22,19,18,2
45,Brynn,Pitrelli,bpitrellij@t.co,22,20,14,2
